Mia,https://www.bluecross.org.uk/pet/mia-239370?type=adopt
Matilda,https://www.bluecross.org.uk/pet/matilda-298066?type=adopt
Sandra,https://www.bluecross.org.uk/pet/sandra-2108619?type=adopt
Rolo,https://www.bluecross.org.uk/pet/rolo-2108245?type=adopt
Zoe,https://www.bluecross.org.uk/pet/zoe-2108698?type=adopt
Violet,https://www.bluecross.org.uk/pet/violet-2109079?type=adopt
Bobble (& Pickle),https://www.bluecross.org.uk/pet/bobble-pickle-2108542?type=adopt
Pickle (& Bobble),https://www.bluecross.org.uk/pet/pickle-bobble-2108543?type=adopt
Earl,https://www.bluecross.org.uk/pet/earl-2108699?type=adopt
Sam ( &Tom),https://www.bluecross.org.uk/pet/sam-tom-2109271?type=adopt
Tom ( &Sam),https://www.bluecross.org.uk/pet/tom-sam-2109272?type=adopt
Todd,https://www.bluecross.org.uk/pet/todd-2105228?type=adopt
Tom,https://www.bluecross.org.uk/pet/tom-2106501?type=adopt
Libby,https://www.woodgreen.org.uk/rehome/cats/23405_libby
Kida,https://www.woodgreen.org.uk/rehome/cats/23440_kida
Mellody,https://www.woodgreen.org.uk/rehome/cats/23492_mellody
Mulan (Interest Shown),https://www.woodgreen.org.uk/rehome/cats/23441_mulan
Coco (Interest Shown),https://www.woodgreen.org.uk/rehome/cats/23420_coco
Timmy,https://www.woodgreen.org.uk/rehome/cats/23444_timmy
Stripey (Interest Shown),https://www.woodgreen.org.uk/rehome/cats/23433_stripey
Tetley,https://www.woodgreen.org.uk/rehome/cats/23154_tetley
Dolly,https://www.woodgreen.org.uk/rehome/cats/23403_dolly
Winky,https://www.woodgreen.org.uk/rehome/cats/23493_winky
Lexi (Interest Shown),https://www.woodgreen.org.uk/rehome/cats/23388_lexi
Leo,https://www.woodgreen.org.uk/rehome/cats/22838_leo
Charlotte,https://www.woodgreen.org.uk/rehome/cats/23263_charlotte
Louie (Interest Shown),https://www.woodgreen.org.uk/rehome/cats/23449_louie
Kira,https://www.woodgreen.org.uk/rehome/cats/23491_kira
Winky,https://www.woodgreen.org.uk/rehome/cats/23493_winky
Coco (Interest Shown),https://www.woodgreen.org.uk/rehome/cats/23420_coco
Mulan (Interest Shown),https://www.woodgreen.org.uk/rehome/cats/23441_mulan
Simba,https://www.woodgreen.org.uk/rehome/cats/23453_simba
Henry (Interest Shown),https://www.woodgreen.org.uk/rehome/cats/23487_henry
Tiger (Interest Shown),https://www.woodgreen.org.uk/rehome/cats/23470_tiger
Bacardi,https://www.woodgreen.org.uk/rehome/cats/23017_bacardi
Betty,https://www.woodgreen.org.uk/rehome/cats/22818_betty
Tinkerbell,https://www.woodgreen.org.uk/rehome/cats/22529_tinkerbell
Lavender (Interest Shown),https://www.woodgreen.org.uk/rehome/cats/23468_lavender
Sam,https://www.woodgreen.org.uk/rehome/cats/23361_sam
Weller,https://www.woodgreen.org.uk/rehome/cats/23173_weller
Poppet,https://www.woodgreen.org.uk/rehome/cats/22775_poppet
Jet,https://www.woodgreen.org.uk/rehome/cats/23156_jet
Logan (Interest Shown),https://www.woodgreen.org.uk/rehome/cats/23488_logan
Basil (Interest Shown),https://www.woodgreen.org.uk/rehome/cats/23466_basil
Jack Black,https://www.woodgreen.org.uk/rehome/cats/23424_jack-black
Lulu (Lady Paws) (Interest Shown),https://www.woodgreen.org.uk/rehome/cats/23168_lulu-lady-paws
Sooty (Interest Shown),https://www.woodgreen.org.uk/rehome/cats/23334_sooty
Blueberry (Interest Shown),https://www.woodgreen.org.uk/rehome/cats/23467_blueberry
Oliver,https://www.woodgreen.org.uk/rehome/cats/22403_oliver
Annie,https://www.woodgreen.org.uk/rehome/cats/21692_annie
Smudge,https://www.woodgreen.org.uk/rehome/cats/23155_smudge
Barney,https://www.woodgreen.org.uk/rehome/cats/22819_barney
`Billy (Interest Shown),https://www.woodgreen.org.uk/rehome/cats/23333_billy
Mezze (Interest Shown),https://www.woodgreen.org.uk/rehome/cats/23496_mezze
Tinkerbelle,https://www.woodgreen.org.uk/rehome/cats/23489_tinkerbelle
Merida (Interest Shown),https://www.woodgreen.org.uk/rehome/cats/23442_merida
Kira (Interest Shown),https://www.woodgreen.org.uk/rehome/cats/23491_kira
Kaiden,https://www.woodgreen.org.uk/rehome/cats/23494_kaiden
Merida (Interest Shown),https://www.woodgreen.org.uk/rehome/cats/23442_merida
Kira (Interest Shown),https://www.woodgreen.org.uk/rehome/cats/23491_kira
Annie (Interest Shown),https://www.woodgreen.org.uk/rehome/cats/21692_annie
Annie (Interest Shown),https://www.woodgreen.org.uk/rehome/cats/21692_annie
